"2022/11/01 Stock P/E ratio, dividend yield and P/B ratio"
"Security Code","Dividend yield (%)","Dividend year","P/E ratio","P/B ratio","Fiscal year / quarter",
"1101","6.53","2021","17.92","0.97","2022/2",
"1102","9.05","2021","9.27","0.86","2022/2",
"1103","4.04","2021","22.36","0.48","2022/2",
"1104","4.98","2021","9.22","0.67","2022/2",
"1108","5.85","2021","13.85","0.92","2022/2",
"1109","9.90","2021","10.67","0.69","2022/2",
"1110","1.12","2021","148.75","1.21","2022/2",
"1201","2.73","2021","18.12","1.31","2022/2",
"1203","3.36","2021","20.83","1.49","2022/2",
"1210","4.93","2021","19.61","1.72","2022/2",
"1213","0.00","2021","-","1.00","2022/2",
"1215","5.24","2021","14.69","2.49","2022/2",
"1216","4.08","2021","20.66","3.31","2022/2",
"1217","3.23","2021","84.55","0.72","2022/2",
"1218","2.59","2021","33.32","2.77","2022/2",
"1219","5.54","2021","16.97","1.45","2022/2",
"1220","6.92","2021","23.69","1.15","2022/2",
"1225","2.87","2021","24.26","3.54","2022/2",
"1227","4.87","2021","22.70","2.12","2022/2",
"1229","4.88","2021","16.76","1.87","2022/2",
"1231","3.95","2021","15.70","2.86","2022/2",
"1232","4.17","2021","17.35","4.72","2022/3",
"1233","2.48","2021","46.81","2.09","2022/2",
"1234","5.18","2021","16.32","0.74","2022/2",
"1235","5.67","2021","41.61","1.95","2022/2",
"1236","2.63","2021","5.56","0.69","2022/2",
"1256","6.50","2021","17.47","2.00","2022/2",
"1301","9.84","2021","7.17","1.41","2022/2",
"1303","10.92","2021","7.78","1.41","2022/2",
"1304","10.73","2021","6.23","0.92","2022/2",
"1305","12.44","2021","8.01","1.16","2022/2",
"1307","2.50","2021","62.50","0.98","2022/2",
"1308","12.05","2021","6.38","1.09","2022/2",
"1309","12.47","2021","6.13","1.06","2022/2",
"1310","1.20","2021","-","0.95","2022/2",
"1312","11.30","2021","6.04","0.48","2022/2",
"1313","8.13","2021","-","0.58","2022/2",
"1314","4.20","2021","59.50","0.46","2022/2",
"1315","6.94","2021","14.30","0.57","2022/2",
"1316","0.00","2021","130.56","1.01","2022/2",
"1319","1.84","2021","19.49","1.22","2022/2",
"1321","2.10","2021","62.92","1.18","2022/2",
"1323","4.83","2021","13.93","1.30","2022/2",
"1324","1.94","2021","-","0.83","2022/2",
"1325","8.85","2021","-","0.70","2022/2",
"1326","6.90","2021","16.00","1.12","2022/2",
"1337","0.00","2021","-","0.38","2022/2",
"1338","5.42","2021","12.46","0.60","2022/2",
"1339","5.48","2021","8.04","0.76","2022/2",
"1340","0.00","2021","-","0.31","2022/2",
"1341","9.02","2021","12.76","2.83","2022/2",
"1342","3.46","2021","15.20","3.65","2022/2",
"1402","4.62","2021","18.65","0.84","2022/2",
"1409","8.64","2021","6.89","0.76","2022/2",
"1410","3.22","2021","39.56","2.38","2022/2",
"1413","0.00","2021","7.20","1.07","2022/2",
"1414","3.12","2021","23.38","1.23","2022/2",
"1416","4.98","2021","55.83","0.52","2022/2",
"1417","3.27","2021","-","0.75","2022/2",
"1418","0.00","2021","-","0.66","2022/2",
"1419","2.61","2021","5.55","0.99","2022/2",
"1423","3.59","2021","139.33","0.97","2022/2",
"1432","0.00","2021","-","1.51","2022/2",
"1434","3.87","2021","12.02","0.71","2022/2",
"1436","7.67","2021","48.30","1.95","2022/2",
"1437","3.70","2021","12.36","0.71","2022/2",
"1438","0.00","2021","4.76","1.38","2022/2",
"1439","0.94","2021","12.91","0.88","2022/2",
"1440","4.86","2021","13.82","0.98","2022/2",
"1441","0.00","2021","-","1.10","2022/2",
"1442","4.18","2021","25.18","1.90","2022/2",
"1443","0.00","2021","8.93","1.77","2022/2",
"1444","2.86","2021","8.97","0.91","2022/2",
"1445","0.00","2021","-","1.33","2022/2",
"1446","1.02","2021","-","2.75","2022/2",
"1447","0.00","2021","21.19","0.68","2022/2",
"1449","0.00","2021","15.65","1.00","2022/2",
"1451","4.62","2021","8.59","0.60","2022/2",
"1452","11.70","2021","11.48","0.85","2022/3",
"1453","2.12","2021","15.90","1.04","2022/2",
"1454","3.97","2021","63.00","0.98","2022/2",
"1455","8.20","2021","122.00","0.75","2022/2",
"1456","9.43","2021","31.18","0.97","2022/2",
"1457","5.48","2021","4.12","0.80","2022/2",
"1459","2.45","2021","27.20","0.85","2022/2",
"1460","0.00","2021","-","0.78","2022/2",
"1463","2.88","2021","173.75","1.09","2022/2",
"1464","1.79","2021","18.18","1.09","2022/2",
"1465","2.26","2021","-","0.84","2022/2",
"1466","8.97","2021","9.61","0.73","2022/2",
"1467","0.00","2021","45.80","0.86","2022/2",
"1468","0.00","2021","46.85","1.68","2022/2",
"1470","4.20","2021","32.84","1.70","2022/2",
"1471","0.00","2021","-","1.14","2022/2",
"1472","0.00","2021","-","1.96","2022/2",
"1473","0.54","2021","23.35","0.81","2022/2",
"1474","4.55","2021","13.10","0.67","2022/2",
"1475","0.00","2021","14.63","3.98","2022/2",
"1476","2.76","2021","19.61","5.41","2022/2",
"1477","4.67","2021","15.97","3.70","2022/2",
"1503","3.23","2021","15.60","1.07","2022/2",
"1504","4.71","2021","15.74","0.81","2022/2",
"1506","0.00","2021","46.32","2.05","2022/2",
"1512","0.00","2021","-","3.57","2022/2",
"1513","5.34","2021","11.32","2.13","2022/2",
"1514","4.89","2021","12.65","1.59","2022/2",
"1515","10.54","2021","14.59","1.45","2022/2",
"1516","7.33","2021","11.25","1.72","2022/3",
"1517","3.60","2021","9.47","1.32","2022/2",
"1519","2.64","2021","22.43","2.82","2022/2",
"1521","1.75","2021","38.00","1.50","2022/2",
"1522","1.95","2021","14.02","1.06","2022/2",
"1524","1.37","2021","16.63","1.51","2022/2",
"1525","3.95","2021","14.04","0.87","2022/2",
"1526","5.80","2021","7.85","2.00","2022/2",
"1527","6.17","2021","8.57","1.24","2022/2",
"1528","1.11","2021","6.09","0.76","2022/2",
"1529","5.41","2021","27.30","1.38","2022/2",
"1530","4.84","2021","13.72","0.97","2022/2",
"1531","5.34","2021","10.65","0.64","2022/2",
"1532","7.84","2021","7.14","0.80","2022/2",
"1533","0.62","2021","47.72","1.84","2022/2",
"1535","6.40","2021","9.88","1.54","2022/2",
"1536","1.79","2021","52.04","2.54","2022/2",
"1537","5.22","2021","15.38","2.83","2022/2",
"1538","0.00","2021","-","3.22","2022/2",
"1539","2.76","2021","5.16","1.20","2022/2",
"1540","1.99","2021","25.17","0.97","2022/2",
"1541","8.00","2021","5.07","1.32","2022/2",
"1558","7.87","2021","18.72","1.35","2022/2",
"1560","2.71","2021","11.62","2.71","2022/3",
"1568","1.29","2021","18.56","1.52","2022/2",
"1582","8.88","2021","26.07","1.38","2022/2",
"1583","4.08","2021","17.09","1.37","2022/2",
"1587","4.72","2021","12.11","1.10","2022/2",
"1589","1.19","2021","-","0.65","2022/2",
"1590","1.73","2021","23.74","4.23","2022/2",
"1597","3.40","2021","18.45","2.53","2022/2",
"1598","6.95","2021","225.63","1.23","2022/2",
"1603","1.96","2021","15.77","0.71","2022/2",
"1604","11.30","2021","5.26","1.14","2022/2",
"1605","4.32","2021","6.89","1.21","2022/2",
"1608","11.15","2021","30.57","0.86","2022/2",
"1609","5.60","2021","14.01","1.11","2022/2",
"1611","5.71","2021","14.14","1.08","2022/2",
"1612","18.73","2021","1.90","0.68","2022/2",
"1614","3.46","2021","26.93","1.70","2022/2",
"1615","10.05","2021","9.67","1.65","2022/2",
"1616","0.00","2021","25.41","0.86","2022/2",
"1617","5.50","2021","16.93","1.11","2022/2",
"1618","3.36","2021","12.52","0.68","2022/2",
"1626","0.00","2021","5.77","0.69","2022/2",
"1701","4.44","2021","11.38","0.84","2022/2",
"1702","5.10","2021","12.15","1.17","2022/2",
"1707","4.98","2021","13.32","2.08","2022/2",
"1708","4.86","2021","8.40","1.57","2022/2",
"1709","8.19","2021","9.02","1.31","2022/2",
"1710","4.08","2021","428.75","1.26","2022/2",
"1711","2.85","2021","22.79","1.16","2022/2",
"1712","5.04","2021","11.19","1.97","2022/2",
"1713","3.56","2021","20.78","1.51","2022/2",
"1714","5.18","2021","17.63","0.64","2022/2",
"1717","4.98","2021","10.87","1.52","2022/2",
"1718","0.00","2021","-","0.46","2022/2",
"1720","5.51","2021","11.05","1.89","2022/2",
"1721","0.00","2021","75.56","1.05","2022/2",
"1722","5.27","2021","16.91","1.00","2022/2",
"1723","3.88","2021","14.99","3.18","2022/3",
"1725","6.42","2021","12.68","0.86","2022/2",
"1726","5.02","2021","13.83","1.23","2022/2",
"1727","2.19","2021","14.66","1.72","2022/2",
"1730","5.64","2021","12.43","2.00","2022/2",
"1731","6.52","2021","14.96","1.24","2022/2",
"1732","1.24","2021","117.29","2.48","2022/2",
"1733","5.53","2021","10.68","1.38","2022/2",
"1734","0.71","2021","48.88","1.67","2022/2",
"1735","0.00","2021","250.00","1.02","2022/2",
"1736","0.69","2021","-","2.72","2022/2",
"1737","4.97","2021","16.97","0.97","2022/2",
"1752","5.33","2021","16.00","1.57","2022/2",
"1760","1.00","2021","50.34","6.37","2022/2",
"1762","2.50","2021","8.95","1.35","2022/2",
"1773","5.34","2021","13.88","3.36","2022/3",
"1776","9.09","2021","75.00","1.17","2022/2",
"1783","2.56","2021","27.31","2.41","2022/3",
"1786","2.98","2021","28.20","2.22","2022/2",
"1789","2.01","2021","74.69","1.82","2022/2",
"1795","1.22","2021","30.25","3.66","2022/2",
"1802","8.67","2021","7.24","1.19","2022/2",
"1805","0.00","2021","-","1.96","2022/2",
"1806","10.82","2021","3.65","0.66","2022/2",
"1808","5.56","2021","25.93","4.17","2022/2",
"1809","2.06","2021","28.26","0.69","2022/2",
"1810","1.83","2021","3.05","0.57","2022/2",
"1817","5.67","2021","10.55","1.40","2022/2",
"1903","0.00","2021","-","2.17","2022/2",
"1904","7.20","2021","8.25","1.08","2022/2",
"1905","2.45","2021","209.38","1.19","2022/2",
"1906","3.87","2021","5.74","0.47","2022/2",
"1907","5.83","2021","15.80","0.81","2022/2",
"1909","8.03","2021","15.41","0.77","2022/2",
"2002","11.48","2021","7.09","1.28","2022/2",
"2006","12.85","2021","6.56","1.32","2022/2",
"2007","0.00","2021","-","0.67","2022/2",
"2008","0.00","2021","45.95","1.29","2022/2",
"2009","3.57","2021","43.08","2.02","2022/2",
"2010","8.70","2021","9.65","0.89","2022/2",
"2012","9.07","2021","8.42","1.40","2022/2",
"2013","3.73","2021","19.71","2.19","2022/2",
"2014","14.00","2021","8.10","1.52","2022/2",
"2015","8.87","2021","9.16","1.57","2022/3",
"2017","9.84","2021","9.38","0.88","2022/2",
"2020","13.57","2021","9.48","1.54","2022/2",
"2022","0.00","2021","44.44","1.10","2022/2",
"2023","6.97","2021","6.05","0.84","2022/2",
"2024","6.80","2021","14.83","1.46","2022/2",
"2025","0.00","2021","2.12","1.13","2022/2",
"2027","5.05","2021","4.25","1.13","2022/2",
"2028","11.34","2021","4.63","1.60","2022/2",
"2029","10.92","2021","6.05","0.77","2022/2",
"2030","8.89","2021","4.17","1.22","2022/2",
"2031","11.64","2021","7.23","1.16","2022/2",
"2032","7.13","2021","29.04","1.29","2022/2",
"2033","1.62","2021","112.27","0.96","2022/2",
"2034","5.86","2021","7.36","1.22","2022/2",
"2038","8.47","2021","9.37","0.92","2022/2",
"2049","2.66","2021","12.68","1.85","2022/2",
"2059","2.60","2021","12.62","2.96","2022/2",
"2062","2.35","2021","5.66","0.61","2022/2",
"2069","11.17","2021","4.19","0.76","2022/2",
"2101","0.00","2021","-","2.64","2022/2",
"2102","0.00","2021","-","1.72","2022/2",
"2103","8.99","2021","6.42","1.23","2022/2",
"2104","1.05","2021","6.43","0.55","2022/2",
"2105","3.63","2021","24.48","1.32","2022/2",
"2106","3.26","2021","61.30","1.44","2022/2",
"2107","6.05","2021","8.59","0.57","2022/2",
"2108","20.47","2021","5.47","1.19","2022/2",
"2109","7.09","2021","13.69","1.28","2022/2",
"2114","7.45","2021","-","2.65","2022/2",
"2115","6.75","2021","9.88","1.00","2022/2",
"2201","3.29","2021","74.75","0.91","2022/2",
"2204","13.13","2021","-","0.65","2022/2",
"2206","3.39","2021","12.32","1.85","2022/2",
"2207","3.42","2021","30.33","4.91","2022/2",
"2208","0.00","2021","-","1.16","2022/2",
"2211","6.20","2021","8.68","0.92","2022/2",
"2227","4.98","2021","21.36","3.07","2022/2",
"2228","2.75","2021","23.64","1.43","2022/2",
"2231","1.42","2021","33.81","4.64","2022/2",
"2233","5.95","2021","8.76","1.72","2022/2",
"2236","22.17","2021","13.18","0.86","2022/2",
"2239","3.90","2021","27.63","0.71","2022/2",
"2241","0.00","2021","-","1.70","2022/2",
"2243","0.00","2021","-","0.92","2022/2",
"2247","6.03","2021","11.96","1.40","2022/2",
"2250","4.56","2021","19.18","1.33","2022/2",
"2301","6.75","2021","11.91","1.93","2022/3",
"2302","3.99","2021","16.91","1.42","2022/2",
"2303","7.68","2021","6.54","1.72","2022/2",
"2305","0.00","2021","141.36","2.81","2022/2",
"2308","2.11","2021","21.86","3.73","2022/3",
"2312","1.39","2021","44.84","1.23","2022/2",
"2313","4.05","2021","7.64","1.56","2022/2",
"2314","0.00","2021","-","3.76","2022/2",
"2316","4.37","2021","6.84","0.53","2022/2",
"2317","5.12","2021","9.76","1.01","2022/2",
"2321","0.00","2021","38.00","2.51","2022/2",
"2323","1.51","2021","-","0.44","2022/2",
"2324","9.57","2021","7.77","0.82","2022/2",
"2327","2.66","2021","8.52","1.83","2022/2",
"2328","3.13","2021","15.71","1.38","2022/2",
"2329","6.02","2021","6.97","1.31","2022/3",
"2330","2.81","2021","13.32","4.07","2022/2",
"2331","0.00","2021","16.28","1.05","2022/2",
"2332","2.04","2021","39.73","1.02","2022/2",
"2337","5.94","2021","4.66","1.09","2022/3",
"2338","3.37","2021","41.83","3.86","2022/2",
"2340","9.36","2021","20.81","1.65","2022/2",
"2342","1.39","2021","11.71","2.21","2022/2",
"2344","5.04","2021","4.30","0.91","2022/2",
"2345","2.46","2021","22.76","8.71","2022/2",
"2347","9.58","2021","5.34","1.44","2022/2",
"2348","13.70","2021","5.95","1.48","2022/2",
"2349","0.00","2021","-","0.85","2022/2",
"2351","3.15","2021","17.81","2.80","2022/2",
"2352","10.10","2021","12.44","1.41","2022/2",
"2353","10.25","2021","7.25","1.07","2022/2",
"2354","3.74","2021","16.65","0.64","2022/2",
"2355","1.81","2021","25.75","0.71","2022/2",
"2356","5.81","2021","11.93","1.54","2022/2",
"2357","17.80","2021","4.91","0.84","2022/2",
"2358","2.16","2021","10.86","0.96","2022/2",
"2359","3.86","2021","11.48","0.84","2022/2",
"2360","4.02","2021","18.42","3.92","2022/2",
"2362","6.84","2021","10.48","0.43","2022/2",
"2363","11.61","2021","10.26","0.71","2022/2",
"2364","0.92","2021","51.42","8.91","2022/2",
"2365","2.06","2021","33.41","0.73","2022/2",
"2367","0.00","2021","-","1.17","2022/2",
"2368","2.54","2021","12.06","3.73","2022/2",
"2369","9.85","2021","6.09","0.87","2022/2",
"2371","0.00","2021","17.78","1.81","2022/2",
"2373","7.74","2021","14.22","2.58","2022/2",
"2374","4.91","2021","254.38","0.95","2022/2",
"2375","3.85","2021","7.09","0.79","2022/2",
"2376","13.11","2021","5.12","1.74","2022/2",
"2377","9.55","2021","5.75","2.01","2022/2",
"2379","10.40","2021","6.88","3.45","2022/2",
"2380","0.00","2021","-","2.23","2022/2",
"2382","9.85","2021","8.79","1.73","2022/2",
"2383","6.76","2021","9.47","2.35","2022/3",
"2385","7.67","2021","8.40","1.81","2022/2",
"2387","8.03","2021","7.48","0.89","2022/2",
"2388","1.55","2021","12.87","2.57","2022/2",
"2392","4.40","2021","14.83","0.70","2022/2",
"2393","10.10","2021","8.88","0.86","2022/2",
"2395","2.69","2021","22.03","5.61","2022/3",
"2397","6.34","2021","9.48","2.26","2022/2",
"2399","9.34","2021","13.53","1.02","2022/2",
"2401","8.83","2021","13.25","1.44","2022/2",
"2402","2.67","2021","21.01","0.95","2022/2",
"2404","9.02","2021","9.50","3.39","2022/2",
"2405","0.00","2021","17.13","1.10","2022/2",
"2406","0.00","2021","-","1.32","2022/2",
"2408","6.85","2021","6.17","0.94","2022/2",
"2409","5.71","2021","5.68","0.75","2022/2",
"2412","4.21","2021","23.15","2.34","2022/2",
"2413","0.00","2021","23.14","1.76","2022/2",
"2414","9.41","2021","9.10","1.70","2022/2",
"2415","9.50","2021","12.70","1.06","2022/2",
"2417","0.75","2021","-","0.93","2022/2",
"2419","1.97","2021","21.90","1.56","2022/3",
"2420","7.88","2021","8.83","1.76","2022/2",
"2421","2.94","2021","14.30","2.25","2022/2",
"2423","5.75","2021","10.48","1.58","2022/2",
"2424","0.00","2021","-","3.62","2022/2",
"2425","2.47","2021","8.54","1.23","2022/2",
"2426","6.45","2021","8.07","1.14","2022/2",
"2427","3.20","2021","9.61","0.87","2022/2",
"2428","5.34","2021","9.82","1.83","2022/2",
"2429","0.00","2021","-","1.49","2022/2",
"2430","8.45","2021","7.35","1.10","2022/2",
"2431","4.27","2021","-","0.82","2022/2",
"2433","7.70","2021","11.96","1.70","2022/2",
"2434","0.00","2021","-","1.98","2022/2",
"2436","7.06","2021","14.26","2.38","2022/2",
"2438","0.00","2021","-","1.33","2022/2",
"2439","4.95","2021","10.74","1.45","2022/3",
"2440","0.00","2021","115.45","1.25","2022/2",
"2441","10.73","2021","6.56","1.29","2022/3",
"2442","5.88","2021","13.76","0.78","2022/2",
"2443","0.00","2021","-","1.38","2022/2",
"2444","0.00","2021","18.75","1.35","2022/2",
"2449","9.12","2021","5.74","1.21","2022/2",
"2450","6.69","2021","12.36","1.31","2022/2",
"2451","9.20","2021","9.09","1.47","2022/2",
"2453","7.93","2021","10.46","1.27","2022/2",
"2454","12.19","2021","7.50","2.44","2022/2",
"2455","6.97","2021","15.19","3.49","2022/3",
"2457","0.00","2021","-","2.27","2022/2",
"2458","16.99","2021","5.42","2.87","2022/2",
"2459","6.92","2021","10.39","1.14","2022/2",
"2460","1.93","2021","26.36","1.06","2022/2",
"2461","9.45","2021","10.22","1.04","2022/2",
"2462","2.44","2021","153.44","1.39","2022/2",
"2464","6.05","2021","11.50","1.70","2022/2",
"2465","5.13","2021","16.53","3.14","2022/2",
"2466","0.00","2021","41.52","2.95","2022/2",
"2467","7.48","2021","9.89","2.42","2022/2",
"2468","1.81","2021","27.69","1.34","2022/2",
"2471","8.78","2021","6.97","1.57","2022/2",
"2472","6.51","2021","6.81","1.29","2022/2",
"2474","5.97","2021","11.15","0.79","2022/2",
"2476","4.70","2021","11.32","1.60","2022/2",
"2477","8.77","2021","58.97","0.80","2022/2",
"2478","9.58","2021","7.11","0.96","2022/2",
"2480","7.30","2021","10.80","2.81","2022/3",
"2481","5.37","2021","9.47","1.64","2022/2",
"2482","0.00","2021","12.21","1.59","2022/2",
"2483","4.21","2021","16.61","1.02","2022/2",
"2484","4.97","2021","7.51","1.28","2022/2",
"2485","0.00","2021","-","0.88","2022/2",
"2486","2.91","2021","16.38","0.94","2022/2",
"2488","4.24","2021","12.81","1.07","2022/2",
"2489","13.27","2021","-","0.56","2022/2",
"2491","0.88","2021","-","1.06","2022/2",
"2492","5.53","2021","7.53","0.91","2022/2",
"2493","6.71","2021","10.35","1.94","2022/2",
"2495","2.27","2021","28.47","1.21","2022/2",
"2496","6.59","2021","14.26","1.14","2022/2",
"2497","0.00","2021","31.37","4.92","2022/2",
"2498","0.00","2021","-","1.57","2022/2",
"2501","4.12","2021","20.21","0.71","2022/2",
"2504","7.69","2021","6.36","1.25","2022/2",
"2505","5.60","2021","12.31","0.72","2022/2",
"2506","1.10","2021","4.69","0.44","2022/2",
"2509","0.00","2021","-","0.75","2022/2",
"2511","4.83","2021","20.70","0.66","2022/2",
"2514","0.00","2021","-","0.58","2022/2",
"2515","6.59","2021","4.10","0.56","2022/2",
"2516","0.00","2021","-","0.72","2022/2",
"2520","10.31","2021","4.56","0.75","2022/2",
"2524","0.00","2021","10.45","0.77","2022/2",
"2527","14.49","2021","4.04","0.65","2022/2",
"2528","2.94","2021","11.68","1.19","2022/2",
"2530","0.00","2021","-","1.51","2022/2",
"2534","4.87","2021","10.02","0.86","2022/2",
"2535","8.33","2021","8.22","1.14","2022/2",
"2536","0.00","2021","160.36","0.63","2022/2",
"2537","12.99","2021","3.89","0.50","2022/2",
"2538","4.44","2021","41.67","0.85","2022/2",
"2539","4.11","2021","12.36","2.19","2022/2",
"2540","12.18","2021","13.73","2.17","2022/2",
"2542","12.09","2021","16.13","1.49","2022/2",
"2543","0.00","2021","3.55","0.77","2022/2",
"2545","15.83","2021","4.70","1.11","2022/2",
"2546","7.86","2021","7.67","1.40","2022/2",
"2547","2.20","2021","36.44","0.74","2022/2",
"2548","8.77","2021","4.60","1.24","2022/2",
"2597","9.78","2021","9.39","3.21","2022/2",
"2601","0.00","2021","30.85","0.63","2022/2",
"2603","13.33","2021","1.96","1.58","2022/2",
"2605","5.71","2021","20.83","0.68","2022/2",
"2606","8.51","2021","5.33","1.03","2022/2",
"2607","1.51","2021","10.43","0.99","2022/2",
"2608","4.60","2021","12.09","1.55","2022/2",
"2609","33.84","2021","0.93","0.74","2022/2",
"2610","4.88","2021","7.17","1.43","2022/2",
"2611","16.39","2021","-","0.86","2022/2",
"2612","8.48","2021","16.29","0.57","2022/2",
"2613","8.11","2021","10.49","0.88","2022/2",
"2614","4.64","2021","19.77","1.98","2022/2",
"2615","18.18","2021","1.15","0.81","2022/2",
"2616","7.65","2021","9.65","0.96","2022/2",
"2617","8.64","2021","4.38","0.63","2022/2",
"2618","2.47","2021","9.21","1.46","2022/2",
"2630","2.82","2021","101.88","1.37","2022/3",
"2633","2.73","2021","60.54","2.44","2022/2",
"2634","1.10","2021","24.46","2.01","2022/2",
"2636","21.38","2021","2.23","0.90","2022/2",
"2637","10.76","2021","3.03","0.77","2022/3",
"2642","4.81","2021","20.14","1.96","2022/2",
"2701","1.42","2021","33.33","0.70","2022/2",
"2702","21.18","2021","1.19","0.84","2022/2",
"2704","0.00","2021","311.50","0.91","2022/2",
"2705","0.00","2021","-","0.63","2022/2",
"2706","1.00","2021","31.00","0.76","2022/2",
"2707","6.88","2021","10.73","6.21","2022/2",
"2712","0.00","2021","-","3.09","2022/2",
"2722","0.64","2021","55.89","1.96","2022/2",
"2723","5.13","2021","27.62","1.66","2022/2",
"2727","0.00","2021","-","3.37","2022/2",
"2731","0.00","2021","-","5.14","2022/2",
"2739","0.00","2021","-","3.63","2022/2",
"2748","1.11","2021","122.16","2.38","2022/2",
"2753","3.77","2021","19.69","3.72","2022/2",
"2801","3.59","2021","17.58","1.06","2022/2",
"2809","6.81","2021","42.26","0.86","2022/3",
"2812","6.00","2021","11.06","0.89","2022/2",
"2816","6.94","2021","-","0.60","2022/2",
"2820","6.32","2021","13.07","0.87","2022/2",
"2832","3.77","2021","7.18","0.72","2022/2",
"2834","3.90","2021","13.85","0.94","2022/2",
"2836","4.53","2021","14.53","0.94","2022/2",
"2838","6.71","2021","16.15","0.91","2022/2",
"2845","5.59","2021","11.85","0.77","2022/2",
"2849","4.95","2021","12.83","0.87","2022/2",
"2850","7.17","2021","6.67","1.00","2022/2",
"2851","9.81","2021","11.19","0.79","2022/2",
"2852","8.55","2021","6.52","0.61","2022/2",
"2855","12.81","2021","26.82","0.75","2022/2",
"2867","0.00","2021","-","0.65","2022/2",
"2880","5.23","2021","17.69","1.58","2022/2",
"2881","6.73","2021","5.51","1.11","2022/2",
"2882","9.19","2021","5.76","1.27","2022/2",
"2883","8.37","2021","6.95","1.18","2022/2",
"2884","5.73","2021","18.00","1.70","2022/2",
"2885","8.98","2021","9.11","1.00","2022/2",
"2886","5.55","2021","19.07","1.37","2022/2",
"2887","8.12","2021","13.97","0.89","2022/2",
"2888","4.93","2021","10.68","0.63","2022/2",
"2889","10.41","2021","13.81","0.97","2022/2",
"2890","5.52","2021","11.56","1.24","2022/2",
"2891","5.92","2021","9.38","1.22","2022/2",
"2892","4.82","2021","16.94","1.52","2022/2",
"2897","3.73","2021","12.97","0.72","2022/2",
"2901","0.30","2021","130.56","2.00","2022/2",
"2903","4.97","2021","22.35","0.84","2022/2",
"2904","4.51","2021","20.64","1.26","2022/2",
"2905","7.69","2021","-","1.11","2022/2",
"2906","2.73","2021","22.20","1.00","2022/2",
"2908","6.27","2021","15.45","1.52","2022/2",
"2910","1.52","2021","53.23","2.50","2022/2",
"2911","0.00","2021","-","0.73","2022/2",
"2912","3.33","2021","31.18","9.16","2022/2",
"2913","0.00","2021","-","1.11","2022/2",
"2915","8.82","2021","2.54","9.84","2022/2",
"2923","5.66","2021","40.00","0.71","2022/2",
"2929","0.00","2021","-","0.38","2022/2",
"2939","0.00","2021","76.41","1.71","2022/2",
"2945","7.52","2021","17.23","1.33","2022/2",
"3002","0.00","2021","-","1.00","2022/2",
"3003","2.86","2021","11.55","1.93","2022/2",
"3004","0.00","2021","37.74","1.74","2022/3",
"3005","9.28","2021","10.96","1.32","2022/2",
"3006","12.86","2021","5.45","1.36","2022/3",
"3008","3.80","2021","10.37","1.63","2022/3",
"3010","8.50","2021","6.23","1.21","2022/2",
"3011","0.00","2021","15.52","1.51","2022/2",
"3013","0.00","2021","-","0.95","2022/2",
"3014","14.95","2021","5.82","1.94","2022/2",
"3015","8.88","2021","9.17","0.56","2022/2",
"3016","1.70","2021","31.36","4.01","2022/2",
"3017","4.20","2021","10.63","2.76","2022/2",
"3018","0.00","2021","-","1.71","2022/2",
"3019","6.39","2021","13.88","1.39","2022/2",
"3021","2.73","2021","12.33","1.49","2022/2",
"3022","5.59","2021","9.87","1.16","2022/2",
"3023","2.75","2021","21.83","5.09","2022/3",
"3024","2.39","2021","48.27","1.25","2022/2",
"3025","1.92","2021","15.80","1.80","2022/2",
"3026","10.29","2021","8.22","1.49","2022/2",
"3027","0.00","2021","60.00","1.49","2022/2",
"3028","13.31","2021","6.29","1.08","2022/2",
"3029","9.38","2021","9.75","1.54","2022/3",
"3030","5.43","2021","8.66","2.23","2022/2",
"3031","6.97","2021","12.59","0.88","2022/2",
"3032","7.52","2021","9.78","1.21","2022/2",
"3033","11.80","2021","5.28","1.29","2022/2",
"3034","21.15","2021","4.25","2.42","2022/3",
"3035","2.25","2021","15.12","4.60","2022/3",
"3036","8.64","2021","6.68","1.08","2022/2",
"3037","2.72","2021","6.78","2.35","2022/3",
"3038","6.06","2021","9.17","1.46","2022/2",
"3040","6.72","2021","22.20","1.25","2022/2",
"3041","0.00","2021","67.59","1.08","2022/2",
"3042","9.75","2021","7.74","2.09","2022/2",
"3043","0.00","2021","22.93","5.14","2022/2",
"3044","7.83","2021","7.79","1.22","2022/2",
"3045","4.56","2021","24.14","4.55","2022/2",
"3046","0.00","2021","17.93","5.10","2022/2",
"3047","0.00","2021","23.26","1.32","2022/2",
"3048","12.32","2021","6.13","1.45","2022/2",
"3049","3.72","2021","25.46","0.77","2022/3",
"3050","3.82","2021","28.04","1.00","2022/2",
"3051","0.00","2021","7.33","1.27","2022/2",
"3052","2.53","2021","15.95","0.64","2022/2",
"3054","0.00","2021","-","2.01","2022/2",
"3055","0.77","2021","-","1.15","2022/2",
"3056","5.04","2021","31.99","1.28","2022/2",
"3057","0.00","2021","23.07","1.07","2022/2",
"3058","0.00","2021","-","1.03","2022/2",
"3059","2.05","2021","26.50","1.08","2022/2",
"3060","6.13","2021","8.96","0.78","2022/2",
"3062","0.22","2021","-","1.40","2022/2",
"3090","8.21","2021","9.63","2.03","2022/2",
"3092","0.00","2021","51.94","1.57","2022/2",
"3094","4.11","2021","25.37","1.95","2022/2",
"3130","5.87","2021","14.51","4.32","2022/2",
"3138","2.38","2021","21.11","4.38","2022/2",
"3149","0.00","2021","-","2.83","2022/2",
"3164","5.02","2021","18.40","1.42","2022/2",
"3167","9.83","2021","5.97","1.41","2022/2",
"3189","4.29","2021","6.65","1.44","2022/3",
"3209","10.37","2021","5.94","1.56","2022/2",
"3229","0.00","2021","-","1.94","2022/2",
"3231","8.40","2021","7.77","0.87","2022/2",
"3257","13.39","2021","14.88","2.00","2022/3",
"3266","0.00","2021","12.22","0.71","2022/2",
"3296","0.00","2021","-","1.31","2022/2",
"3305","6.50","2021","5.84","1.08","2022/2",
"3308","0.00","2021","-","1.26","2022/2",
"3311","1.49","2021","24.96","0.86","2022/2",
"3312","11.49","2021","4.92","1.24","2022/2",
"3321","0.00","2021","-","1.69","2022/3",
"3338","4.70","2021","10.39","1.60","2022/2",
"3346","2.11","2021","-","1.22","2022/2",
"3356","3.48","2021","26.54","1.76","2022/2",
"3376","6.44","2021","11.62","0.97","2022/2",
"3380","2.91","2021","18.97","1.44","2022/3",
"3406","2.65","2021","13.10","1.98","2022/2",
"3413","5.11","2021","8.63","1.71","2022/2",
"3416","5.60","2021","14.01","2.47","2022/3",
"3419","0.00","2021","-","1.31","2022/2",
"3432","2.89","2021","10.55","0.69","2022/2",
"3437","2.74","2021","49.70","0.88","2022/2",
"3443","1.42","2021","22.97","9.84","2022/3",
"3450","5.08","2021","16.70","1.32","2022/2",
"3454","0.95","2021","23.98","3.86","2022/3",
"3481","8.47","2021","6.02","0.45","2022/2",
"3494","0.00","2021","-","1.69","2022/2",
"3501","4.42","2021","11.53","0.87","2022/2",
"3504","0.00","2021","58.60","2.53","2022/3",
"3515","13.10","2021","6.25","1.55","2022/2",
"3518","4.99","2021","43.59","1.16","2022/2",
"3528","7.45","2021","9.60","1.86","2022/2",
"3530","5.07","2021","9.86","2.02","2022/2",
"3532","1.54","2021","18.13","2.52","2022/2",
"3533","2.04","2021","17.22","4.46","2022/2",
"3535","1.93","2021","9.18","1.86","2022/2",
"3536","0.00","2021","-","7.12","2022/2",
"3543","6.03","2021","-","0.64","2022/2",
"3545","23.29","2021","3.67","1.29","2022/2",
"3550","4.49","2021","95.36","0.58","2022/2",
"3557","14.20","2021","6.40","1.41","2022/2",
"3563","10.13","2021","6.86","1.92","2022/2",
"3576","0.00","2021","141.00","2.15","2022/2",
"3583","3.94","2021","9.71","1.55","2022/2",
"3588","7.12","2021","7.99","1.81","2022/2",
"3591","1.99","2021","21.69","0.66","2022/2",
"3592","18.99","2021","3.34","1.50","2022/2",
"3593","0.00","2021","-","2.34","2022/2",
"3596","7.46","2021","11.21","1.58","2022/2",
"3605","4.85","2021","9.01","0.73","2022/2",
"3607","8.47","2021","-","0.68","2022/2",
"3617","1.06","2021","25.51","1.72","2022/2",
"3622","4.54","2021","10.50","0.74","2022/2",
"3645","3.89","2021","10.55","1.30","2022/2",
"3652","1.88","2021","23.24","0.92","2022/2",
"3653","1.97","2021","23.68","5.89","2022/2",
"3661","1.68","2021","30.38","4.24","2022/2",
"3665","3.78","2021","13.14","2.01","2022/2",
"3669","9.41","2021","7.98","1.40","2022/2",
"3673","5.16","2021","16.89","0.33","2022/2",
"3679","10.45","2021","6.41","1.16","2022/3",
"3682","0.00","2021","-","1.03","2022/2",
"3686","0.00","2021","-","1.60","2022/2",
"3694","0.00","2021","11.18","1.31","2022/2",
"3701","0.00","2021","20.44","2.52","2022/2",
"3702","7.91","2021","6.80","1.11","2022/2",
"3703","6.03","2021","6.58","0.87","2022/3",
"3704","1.96","2021","11.26","1.27","2022/2",
"3705","4.34","2021","11.83","1.58","2022/2",
"3706","7.34","2021","3.47","0.67","2022/2",
"3708","1.56","2021","35.21","1.51","2022/2",
"3711","8.75","2021","4.63","1.30","2022/2",
"3712","6.37","2021","10.85","0.78","2022/2",
"3714","4.84","2021","9.78","0.55","2022/2",
"3715","0.00","2021","-","-","2021/4",
"4104","6.51","2021","13.38","1.11","2022/2",
"4106","2.34","2021","19.58","1.15","2022/2",
"4108","0.00","2021","-","1.82","2022/2",
"4119","0.00","2021","43.48","2.37","2022/2",
"4133","1.34","2021","43.42","1.71","2022/2",
"4137","8.14","2021","11.10","2.60","2022/2",
"4142","0.00","2021","53.17","2.46","2022/2",
"4148","2.76","2021","11.96","1.66","2022/2",
"4155","4.42","2021","18.41","1.26","2022/2",
"4164","4.99","2021","17.35","1.09","2022/2",
"4190","4.85","2021","25.33","2.02","2022/2",
"4306","7.60","2021","-","0.77","2022/2",
"4426","0.00","2021","-","1.52","2022/2",
"4438","3.31","2021","17.19","1.89","2022/2",
"4439","6.40","2021","8.08","1.15","2022/2",
"4440","11.96","2021","8.40","1.65","2022/2",
"4526","1.49","2021","22.42","0.69","2022/2",
"4532","4.42","2021","12.89","0.86","2022/2",
"4536","3.50","2021","10.94","2.46","2022/2",
"4540","3.93","2021","10.09","0.95","2022/2",
"4545","2.57","2021","12.89","1.17","2022/2",
"4551","3.34","2021","13.73","2.30","2022/2",
"4552","3.49","2021","8.23","0.60","2022/2",
"4555","3.60","2021","15.66","1.20","2022/2",
"4557","4.41","2021","12.70","2.46","2022/2",
"4560","4.69","2021","10.21","1.51","2022/2",
"4562","0.00","2021","-","1.18","2022/2",
"4564","5.47","2021","18.55","1.00","2022/2",
"4566","2.29","2021","11.60","1.34","2022/2",
"4571","6.58","2021","9.19","1.48","2022/2",
"4572","4.55","2021","31.25","2.41","2022/2",
"4576","1.53","2021","20.40","2.07","2022/2",
"4581","4.76","2021","12.80","1.20","2022/2",
"4583","4.60","2021","12.42","1.46","2022/3",
"4720","1.42","2021","52.22","1.14","2022/2",
"4722","6.86","2021","8.20","1.14","2022/2",
"4737","2.70","2021","39.05","2.23","2022/2",
"4739","3.37","2021","14.81","1.91","2022/2",
"4746","4.12","2021","-","0.87","2022/2",
"4755","4.59","2021","10.33","2.55","2022/2",
"4763","4.23","2021","8.75","3.51","2022/2",
"4764","2.01","2021","44.73","1.70","2022/2",
"4766","4.65","2021","11.83","1.04","2022/2",
"4770","3.08","2021","14.97","3.55","2022/2",
"4807","9.10","2021","9.41","0.84","2022/2",
"4904","4.58","2021","23.20","3.94","2022/2",
"4906","5.83","2021","21.29","0.78","2022/2",
"4912","5.23","2021","10.68","1.44","2022/2",
"4915","5.83","2021","9.91","1.65","2022/2",
"4916","2.27","2021","25.58","1.34","2022/2",
"4919","4.81","2021","10.17","2.86","2022/2",
"4927","7.89","2021","5.64","1.28","2022/2",
"4930","20.34","2021","4.43","0.63","2022/2",
"4934","0.00","2021","-","3.32","2022/2",
"4935","9.12","2021","7.17","0.95","2022/2",
"4938","8.56","2021","10.17","0.93","2022/2",
"4942","8.92","2021","6.05","0.59","2022/2",
"4943","0.00","2021","-","1.98","2022/2",
"4952","12.03","2021","5.92","2.07","2022/2",
"4956","2.87","2021","17.88","0.72","2022/2",
"4958","4.63","2021","8.19","1.17","2022/2",
"4960","5.31","2021","10.23","0.61","2022/2",
"4961","16.43","2021","4.68","1.12","2022/3",
"4967","0.00","2021","-","1.30","2022/2",
"4968","3.47","2021","136.49","3.71","2022/3",
"4976","0.00","2021","-","1.70","2022/2",
"4977","3.45","2021","32.17","2.73","2022/2",
"4989","6.05","2021","6.53","1.42","2022/2",
"4994","3.63","2021","29.08","3.01","2022/2",
"4999","5.62","2021","10.63","0.76","2022/2",
"5007","5.71","2021","14.83","2.44","2022/2",
"5203","1.96","2021","-","2.45","2022/2",
"5215","9.65","2021","9.56","1.03","2022/2",
"5222","2.73","2021","45.88","4.77","2022/2",
"5225","1.66","2021","4.08","1.23","2022/2",
"5234","9.06","2021","9.10","2.13","2022/2",
"5243","2.37","2021","19.00","1.59","2022/2",
"5244","13.73","2021","6.26","0.96","2022/2",
"5258","0.90","2021","11.76","2.85","2022/2",
"5269","4.48","2021","12.28","2.66","2022/2",
"5283","7.88","2021","9.68","1.78","2022/2",
"5284","4.73","2021","14.77","1.29","2022/2",
"5285","6.46","2021","12.71","2.13","2022/2",
"5288","2.64","2021","14.46","2.60","2022/3",
"5306","6.32","2021","8.78","2.50","2022/2",
"5388","3.14","2021","14.44","2.17","2022/2",
"5434","5.87","2021","8.83","2.24","2022/3",
"5469","6.96","2021","4.63","0.64","2022/2",
"5471","15.10","2021","6.18","2.19","2022/2",
"5484","0.00","2021","-","1.28","2022/2",
"5515","9.27","2021","11.96","0.61","2022/2",
"5519","9.66","2021","7.55","1.03","2022/2",
"5521","0.00","2021","-","0.61","2022/2",
"5522","10.38","2021","6.01","0.96","2022/3",
"5525","1.25","2021","11.92","1.30","2022/2",
"5531","0.00","2021","-","0.85","2022/2",
"5533","5.80","2021","3.15","0.56","2022/2",
"5534","6.20","2021","7.56","1.11","2022/2",
"5538","7.21","2021","5.28","1.32","2022/2",
"5546","10.50","2021","17.18","1.36","2022/2",
"5607","3.07","2021","15.26","1.94","2022/2",
"5608","9.09","2021","2.71","0.89","2022/2",
"5706","4.20","2021","-","2.53","2022/2",
"5871","4.21","2021","10.25","2.23","2022/2",
"5876","3.90","2021","14.51","1.38","2022/2",
"5880","5.13","2021","17.36","1.67","2022/2",
"5906","5.43","2021","10.10","2.24","2022/2",
"5907","0.00","2021","-","0.33","2022/2",
"6005","16.18","2021","8.16","0.64","2022/2",
"6024","4.57","2021","14.23","1.17","2022/2",
"6108","6.50","2021","24.10","0.73","2022/2",
"6112","7.99","2021","13.04","1.42","2022/3",
"6115","6.90","2021","12.12","1.64","2022/2",
"6116","8.55","2021","16.48","0.71","2022/2",
"6117","0.00","2021","-","1.09","2022/2",
"6120","0.00","2021","-","0.64","2022/2",
"6128","7.22","2021","8.34","1.03","2022/2",
"6133","0.00","2021","-","2.29","2022/2",
"6136","7.00","2021","13.95","0.70","2022/2",
"6139","5.17","2021","10.36","0.81","2022/2",
"6141","5.10","2021","10.70","0.90","2022/2",
"6142","0.00","2021","4.73","0.99","2022/2",
"6152","0.00","2021","21.06","1.16","2022/2",
"6153","0.00","2021","-","0.94","2022/2",
"6155","4.02","2021","11.82","1.28","2022/2",
"6164","0.00","2021","34.74","0.81","2022/2",
"6165","0.00","2021","80.76","2.02","2022/2",
"6166","0.60","2021","20.24","2.21","2022/2",
"6168","9.46","2021","8.30","1.06","2022/2",
"6176","8.15","2021","6.98","1.37","2022/3",
"6177","11.32","2021","4.82","1.48","2022/2",
"6183","3.71","2021","16.86","3.59","2022/2",
"6184","6.20","2021","11.58","1.71","2022/2",
"6189","10.34","2021","7.56","1.53","2022/2",
"6191","6.40","2021","4.60","0.80","2022/2",
"6192","6.00","2021","8.43","1.24","2022/2",
"6196","4.56","2021","10.60","2.39","2022/2",
"6197","8.47","2021","11.13","1.55","2022/2",
"6201","7.93","2021","11.10","1.34","2022/3",
"6202","12.34","2021","9.55","3.20","2022/3",
"6205","2.41","2021","26.98","2.93","2022/2",
"6206","6.22","2021","8.54","2.05","2022/2",
"6209","2.12","2021","-","1.30","2022/2",
"6213","8.98","2021","8.68","1.01","2022/3",
"6214","7.54","2021","19.44","1.25","2022/2",
"6215","8.98","2021","7.29","1.16","2022/2",
"6216","6.69","2021","9.67","1.38","2022/2",
"6224","7.94","2021","17.48","1.78","2022/2",
"6225","0.00","2021","-","26.91","2022/2",
"6226","1.19","2021","505.00","0.97","2022/2",
"6230","0.60","2021","33.95","1.80","2022/2",
"6235","0.95","2021","25.73","2.13","2022/2",
"6239","9.21","2021","5.57","1.14","2022/2",
"6243","4.59","2021","12.62","1.53","2022/2",
"6257","8.79","2021","6.35","1.36","2022/2",
"6269","5.15","2021","9.37","1.38","2022/2",
"6271","5.17","2021","8.73","1.33","2022/2",
"6277","6.86","2021","14.30","1.95","2022/2",
"6278","7.02","2021","5.63","1.29","2022/3",
"6281","6.18","2021","13.01","3.14","2022/2",
"6282","3.52","2021","20.88","1.46","2022/2",
"6283","0.00","2021","181.47","2.50","2022/2",
"6285","2.49","2021","21.90","1.93","2022/2",
"6288","1.92","2021","1,042.50","1.54","2022/2",
"6405","9.78","2021","27.64","0.52","2022/2",
"6409","1.66","2021","39.95","22.26","2022/2",
"6412","7.42","2021","8.90","2.52","2022/2",
"6414","3.70","2021","12.59","1.61","2022/2",
"6415","1.15","2021","21.66","5.44","2022/2",
"6416","2.49","2021","19.47","1.89","2022/2",
"6426","3.44","2021","44.43","1.77","2022/2",
"6431","0.00","2021","-","1.97","2022/2",
"6438","8.18","2021","7.92","1.66","2022/2",
"6442","2.97","2021","12.64","1.47","2022/2",
"6443","0.00","2021","85.00","2.98","2022/2",
"6449","4.94","2021","10.00","1.38","2022/2",
"6451","3.20","2021","79.31","1.36","2022/2",
"6456","6.45","2021","6.59","0.83","2022/2",
"6464","5.07","2021","11.32","1.49","2022/2",
"6477","1.19","2021","38.91","1.75","2022/2",
"6491","3.02","2021","13.77","3.52","2022/2",
"6504","1.71","2021","195.28","1.45","2022/2",
"6505","4.57","2021","16.35","2.33","2022/2",
"6515","3.55","2021","15.50","3.66","2022/2",
"6525","8.73","2021","8.25","2.06","2022/2",
"6531","3.92","2021","10.21","2.27","2022/3",
"6533","0.75","2021","71.29","3.99","2022/2",
"6541","0.00","2021","-","4.81","2022/2",
"6550","0.00","2021","-","7.64","2022/2",
"6552","6.70","2021","8.31","0.98","2022/2",
"6558","0.00","2021","-","1.15","2022/2",
"6573","0.00","2021","-","0.96","2022/2",
"6579","4.10","2021","13.79","1.43","2022/2",
"6581","4.50","2021","11.18","2.55","2022/2",
"6582","28.90","2021","4.22","0.93","2022/2",
"6585","6.47","2021","12.31","1.14","2022/2",
"6591","10.23","2021","4.51","0.79","2022/2",
"6592","4.37","2021","14.34","2.19","2022/2",
"6598","0.00","2021","-","2.35","2022/2",
"6605","4.41","2021","7.31","0.78","2022/2",
"6625","0.00","2021","-","2.71","2022/2",
"6641","8.64","2021","8.53","1.32","2022/2",
"6655","9.09","2021","15.81","5.36","2022/2",
"6666","1.97","2021","39.13","2.22","2022/2",
"6668","0.00","2021","-","1.42","2022/2",
"6669","3.40","2021","12.18","4.31","2022/2",
"6670","6.50","2021","7.17","2.70","2022/2",
"6671","7.72","2021","13.97","1.47","2022/2",
"6672","10.82","2021","7.21","1.51","2022/2",
"6674","4.66","2021","134.06","0.94","2022/2",
"6689","3.04","2021","34.11","2.86","2022/2",
"6691","8.81","2021","8.60","2.50","2022/2",
"6698","0.00","2021","67.75","1.37","2022/2",
"6706","12.42","2021","4.43","1.47","2022/2",
"6715","1.58","2021","19.42","3.09","2022/2",
"6719","3.19","2021","12.08","2.18","2022/2",
"6743","1.66","2021","-","1.61","2022/2",
"6754","7.85","2021","12.53","1.56","2022/2",
"6756","6.32","2021","11.55","3.98","2022/2",
"6768","4.94","2021","17.44","1.08","2022/2",
"6770","5.97","2021","4.54","1.43","2022/2",
"6776","8.82","2021","7.63","1.64","2022/2",
"6781","2.63","2021","17.38","4.42","2022/2",
"6789","1.06","2021","22.34","3.41","2022/2",
"6790","8.58","2021","11.85","1.86","2022/2",
"6792","8.01","2021","10.72","1.98","2022/2",
"6796","2.24","2021","32.95","3.90","2022/2",
"6799","2.64","2021","12.73","3.14","2022/3",
"6806","3.26","2021","44.10","1.18","2022/2",
"6807","9.94","2021","6.07","0.71","2022/2",
"6830","5.51","2021","12.46","1.87","2022/2",
"6834","6.88","2021","9.15","1.35","2022/2",
"6854","0.00","2021","-","4.48","2022/2",
"8011","0.00","2021","-","0.77","2022/2",
"8016","18.88","2021","3.29","1.97","2022/2",
"8021","8.10","2021","8.77","0.87","2022/2",
"8028","1.58","2021","21.48","2.78","2022/2",
"8033","0.00","2021","227.00","3.57","2022/2",
"8039","6.16","2021","10.49","1.08","2022/3",
"8046","4.80","2021","8.74","3.14","2022/2",
"8070","6.53","2021","9.18","1.89","2022/2",
"8072","1.46","2021","26.37","0.87","2022/2",
"8081","12.21","2021","4.34","1.89","2022/2",
"8101","0.00","2021","3.88","2.71","2022/2",
"8103","6.54","2021","6.23","0.81","2022/2",
"8104","6.17","2021","34.32","1.11","2022/2",
"8105","0.00","2021","8.52","0.66","2022/2",
"8110","1.17","2021","22.65","0.58","2022/2",
"8112","11.82","2021","5.07","1.19","2022/2",
"8114","3.85","2021","10.99","2.66","2022/2",
"8131","6.62","2021","8.41","1.39","2022/2",
"8150","13.59","2021","4.29","0.97","2022/2",
"8163","7.81","2021","9.19","1.10","2022/2",
"8201","0.00","2021","-","1.09","2022/2",
"8210","4.44","2021","10.58","1.90","2022/2",
"8213","15.11","2021","4.04","0.64","2022/2",
"8215","5.07","2021","8.76","1.84","2022/2",
"8222","0.00","2021","-","1.75","2022/2",
"8249","5.99","2021","12.68","0.81","2022/2",
"8261","6.24","2021","10.95","2.07","2022/3",
"8271","7.12","2021","8.88","1.24","2022/3",
"8341","6.02","2021","14.94","5.20","2022/2",
"8367","8.54","2021","13.44","1.03","2022/2",
"8374","3.26","2021","21.90","1.51","2022/2",
"8404","9.78","2021","9.39","1.40","2022/2",
"8411","3.15","2021","12.33","0.40","2022/2",
"8422","5.97","2021","16.03","3.44","2022/2",
"8429","0.00","2021","-","0.28","2022/2",
"8438","8.20","2021","11.67","1.00","2022/3",
"8442","1.34","2021","13.16","2.28","2022/2",
"8443","0.00","2021","-","0.78","2022/2",
"8454","2.86","2021","32.09","12.12","2022/3",
"8462","1.11","2021","-","5.52","2022/2",
"8463","0.00","2021","-","1.32","2022/2",
"8464","4.26","2021","12.65","4.17","2022/2",
"8466","1.72","2021","19.00","1.04","2022/2",
"8467","0.97","2021","8.37","1.62","2022/2",
"8473","3.01","2021","22.38","0.71","2022/2",
"8478","2.02","2021","15.92","5.83","2022/2",
"8480","3.79","2021","17.21","1.81","2022/2",
"8481","11.61","2021","11.02","2.33","2022/2",
"8482","8.56","2021","7.73","2.29","2022/2",
"8488","1.94","2021","26.27","0.41","2022/2",
"8499","7.41","2021","7.08","1.66","2022/2",
"8926","6.00","2021","36.44","1.58","2022/2",
"8940","0.00","2021","-","1.81","2022/2",
"8996","1.25","2021","57.69","5.79","2022/2",
"9802","2.99","2021","11.81","2.47","2022/2",
"9902","4.85","2021","-","0.83","2022/2",
"9904","5.35","2021","5.83","1.24","2022/2",
"9905","6.21","2021","13.64","1.01","2022/2",
"9906","1.47","2021","5.42","2.90","2022/2",
"9907","5.97","2021","9.80","1.32","2022/2",
"9908","3.58","2021","19.59","1.29","2022/2",
"9910","2.48","2021","24.92","7.21","2022/2",
"9911","6.16","2021","12.53","2.48","2022/2",
"9912","0.00","2021","75.50","1.13","2022/2",
"9914","4.55","2021","11.03","2.81","2022/2",
"9917","5.42","2021","15.71","3.82","2022/2",
"9918","3.98","2021","35.88","2.61","2022/2",
"9919","1.80","2021","-","1.30","2022/2",
"9921","4.81","2021","12.99","2.80","2022/2",
"9924","5.99","2021","9.85","1.24","2022/2",
"9925","5.18","2021","12.82","1.44","2022/2",
"9926","3.82","2021","21.00","2.77","2022/2",
"9927","12.71","2021","7.38","1.04","2022/2",
"9928","0.00","2021","172.27","2.67","2022/2",
"9929","0.00","2021","-","0.98","2022/2",
"9930","5.57","2021","15.02","2.03","2022/2",
"9931","3.53","2021","19.46","1.96","2022/2",
"9933","4.78","2021","13.91","2.23","2022/2",
"9934","0.00","2021","-","0.98","2022/2",
"9935","3.06","2021","53.71","1.34","2022/2",
"9937","4.13","2021","20.73","3.16","2022/2",
"9938","7.12","2021","8.07","1.31","2022/2",
"9939","5.10","2021","12.08","1.74","2022/2",
"9940","9.95","2021","9.48","1.82","2022/2",
"9941","5.24","2021","11.61","2.84","2022/2",
"9942","4.57","2021","17.52","2.94","2022/2",
"9943","0.87","2021","84.12","2.36","2022/2",
"9944","4.94","2021","4.08","0.66","2022/2",
"9945","17.50","2021","5.40","2.99","2022/2",
"9946","5.86","2021","18.41","0.60","2022/2",
"9955","0.00","2021","-","1.22","2022/2",
"9958","3.79","2021","19.82","2.61","2022/2",
""
"Note: 
This webpage has been produced for information purposes only and should not be taken as a recommendation to buy or sell any investment.
The information on this webpage has been calculated as follows:
1. The P/E ratio is the ratio of a company・s closing share price divided by its earnings per share (EPS). The EPS is a company・s net income after tax divided by the number of outstanding shares. The P/E ratio is not calculated when a company・s EPS is 0 or less than 0. The net income of listed companies is based on financial statements entered into the TWSE・s Market Observation Post System (MOPS) for the most recent 4 quarters. According to generally accepted accounting principles (GAAP), companies founded on dates other than January 1 shall begin the fiscal year for consolidated financial statements on the date of establishment, rather than the beginning of the calendar year. The calculation of the P/E ratio of the aforementioned companies shall be based on their filed financial statements. For example, in the case of Taiwan Cooperative Financial Holding (stock code: 5880), which was established on December 1, 2011, the calculation of its P/E ratio following its listing uses its net income after tax for the most recent 4 quarters, which in this case would be its net income after tax from December 1 to December 31, 2011.
2. The dividend yield is the dividend per share, divided by the closing share price multiplied by 100%. The dividend per share is calculated based on recent cash dividends paid out according to the company・s net income per outstanding shares (NT\$ per share) plus stock dividends (NT\$ per share).
3. The P/B ratio is the ratio of a company・s closing share price divided by its book value per share. The book value per share is based on the book value per share posted on MOPS for the most recent quarter.
4. The dividend year refers to, for the purpose of calculating the dividend yield, the year for which a company enters its dividend distribution into MOPS. For example, if the dividend year is 2016, then the dividend distribution for 2016 is shown.
5. The fiscal year/quarter, for the purposes of calculating the P/E and P/B ratios, refers to the fiscal year/quarter in the company・s financial statement entered into MOPS.
6. The number of outstanding shares reported on this website is calculated from the financial statements posted on MOPS for the most recent quarter regarding a company・s net worth and book value per share. This website does not calculate the P/E and P/B ratios, or will only calculate estimates, for companies who do not post standardized financial statements or post incomplete financial statements into MOPS. The above information on company finances or dividends is based on standardized reporting on MOPS and not real-time information. This website does not provide back-calculations. If the closing share price is not available, the price will be determined by the provisions in Article 58-3, Paragraph 2, Item 2 of the Operating Rules of the Taiwan Stock Exchange Corporation.
7. Information on dividend year and fiscal year/quarter available after April 12, 2017."

